{
  "project_info": {
    "project_number": "922851013120",
    "project_id": "kerla2",
    "storage_bucket": "kerla2.appspot.com"
  },
  "client": [
    {
      "client_info": {
        "mobilesdk_app_id": "1:922851013120:android:b23d0342e974eb6d16dee5",
        "android_client_info": {
          "package_name": "com.ru.kerla"
        }
      },
      "oauth_client": [],
      "api_key": [
        {
          "current_key": "AIzaSyCCv7KIRp5giIZ-9Aca_yyqxBpO4I0bFK4"
        }
      ],
      "services": {
        "appinvite_service": {
          "other_platform_oauth_client": []
        }
      }
    }
  ],
  "configuration_version": "1"
}