{"flutter":{"platforms":{"android":{"default":{"projectId":"kerla2","appId":"1:922851013120:android:b23d0342e974eb6d16dee5","fileOutput":"android/app/google-services.json"}},"ios":{"default":{"projectId":"kerla2","appId":"1:922851013120:ios:7efb342703dfecfa16dee5","uploadDebugSymbols":true,"fileOutput":"ios/Runner/GoogleService-Info.plist"}},"dart":{"lib/firebase_options.dart":{"projectId":"kerla2","configurations":{"android":"1:922851013120:android:b23d0342e974eb6d16dee5","ios":"1:922851013120:ios:7efb342703dfecfa16dee5"}}}}}}